iris6_external_id,is_deleted,sepal_length_cm,sepal_width_cm,petal_length_cm,petal_width_cm,species
iris6_ext_1,false,3.9,4.1,1,1.5,Iris-virginica
iris6_ext_2,false,4.8,6.6,1.6,7.1,Iris-virginica
iris6_ext_3,false,2.1,4.3,7,4.8,Iris-setosa
iris6_ext_4,false,2.8,4.1,3.5,7.4,Iris-virginica
iris6_ext_5,false,2.8,5.7,8.8,4.2,Iris-versicolor
iris6_ext_6,false,3.4,0.1,0.2,7.1,Iris-virginica
iris6_ext_7,false,6.6,2.9,3.3,6.1,Iris-versicolor
iris6_ext_8,false,4.2,8.6,4.2,2.9,Iris-virginica
iris6_ext_9,false,2.9,1.3,0.4,7,Iris-setosa
iris6_ext_10,false,9.8,6,8.8,6.9,Iris-virginica
iris6_ext_11,false,6.2,7.5,4.8,7.7,Iris-setosa
iris6_ext_12,false,3,0,1.1,4.8,Iris-virginica
iris6_ext_13,false,3.7,8,6.4,2.1,Iris-setosa
iris6_ext_14,false,0.8,7.2,9.2,4.6,Iris-virginica
iris6_ext_15,false,2.1,9.8,5,0.8,Iris-setosa
iris6_ext_16,false,3,8.4,0.4,8,Iris-versicolor
iris6_ext_17,false,6,7.8,8.8,3.8,Iris-setosa
iris6_ext_18,false,3,4,2,5.8,Iris-virginica
iris6_ext_19,false,0,3.9,7.3,4,Iris-virginica
iris6_ext_20,false,5.7,9.2,8.7,4.3,Iris-virginica
iris6_ext_21,false,3.4,6.8,9.7,7.1,Iris-setosa
iris6_ext_22,false,2.7,5,2.4,5.9,Iris-virginica
iris6_ext_23,false,8.3,0.5,4.1,8.1,Iris-versicolor
iris6_ext_24,false,2.2,9.8,3.8,7.9,Iris-virginica
iris6_ext_25,false,9.8,6.6,7.5,3.1,Iris-versicolor
iris6_ext_26,false,5.6,5.3,9.1,5.9,Iris-setosa
iris6_ext_27,false,7.9,5.7,5.7,3.9,Iris-setosa
iris6_ext_28,false,2.5,0,8,9.2,Iris-versicolor
iris6_ext_29,false,0.2,6.1,9.7,5.7,Iris-virginica
iris6_ext_30,false,4.3,2.3,1.9,8.2,Iris-versicolor
iris6_ext_31,false,5.9,4.6,1.5,7.2,Iris-versicolor
iris6_ext_32,false,9.3,4.3,1.5,8.7,Iris-virginica
iris6_ext_33,false,1.4,4.5,1,5.2,Iris-setosa
iris6_ext_34,false,6.4,2.4,1.5,8.8,Iris-setosa
iris6_ext_35,false,8.1,8,7.2,6,Iris-setosa
iris6_ext_36,false,1.3,3.5,0.5,9.4,Iris-virginica
iris6_ext_37,false,0.3,5,6.9,8.9,Iris-virginica
iris6_ext_38,false,1.6,8.8,0.9,2.4,Iris-virginica
iris6_ext_39,false,1.8,5.1,8.8,1.3,Iris-versicolor
iris6_ext_40,false,5.1,4.7,7.3,8.7,Iris-setosa
iris6_ext_41,false,5.2,5.8,6.3,4.8,Iris-virginica
iris6_ext_42,false,1.8,3.1,1,1.2,Iris-versicolor
iris6_ext_43,false,6.2,5.6,2.7,5.7,Iris-virginica
iris6_ext_44,false,8.6,5.7,8.2,1.5,Iris-virginica
iris6_ext_45,false,6.5,8.1,3.6,5.4,Iris-versicolor
iris6_ext_46,false,5.3,1.3,3.1,8.8,Iris-setosa
iris6_ext_47,false,3.7,8.3,7.4,7.4,Iris-setosa
iris6_ext_48,false,0.7,5.7,7.5,3.5,Iris-versicolor
iris6_ext_49,false,1.8,5.9,0.8,2.7,Iris-versicolor
iris6_ext_50,false,8.9,1.3,0.9,1.2,Iris-setosa
iris6_ext_51,false,8.8,4.3,9.6,1.4,Iris-versicolor
iris6_ext_52,false,1.3,3.4,3.2,9.1,Iris-versicolor
iris6_ext_53,false,6.1,7,5.7,4,Iris-versicolor
iris6_ext_54,false,3.1,8.7,3.4,5.4,Iris-setosa
iris6_ext_55,false,4,1.9,4.4,3.5,Iris-setosa
iris6_ext_56,false,6.7,3.8,0.4,9.3,Iris-virginica
iris6_ext_57,false,0.2,3.1,0.4,4.9,Iris-versicolor
iris6_ext_58,false,2.9,9,1.8,6.1,Iris-versicolor
iris6_ext_59,false,4.4,7.4,6.2,9.1,Iris-setosa
iris6_ext_60,false,5.9,9.1,1.5,2.8,Iris-virginica
iris6_ext_61,false,6.2,9.8,4.8,2.5,Iris-versicolor
iris6_ext_62,false,5.1,9.7,0,9.6,Iris-virginica
iris6_ext_63,false,9.8,1.6,4.1,6.4,Iris-setosa
iris6_ext_64,false,5.8,2.3,5.7,6.6,Iris-versicolor
iris6_ext_65,false,0.3,3,9.6,1.7,Iris-virginica
iris6_ext_66,false,3.6,8.5,9.2,1.9,Iris-versicolor
iris6_ext_67,false,7.8,3,7.2,8.6,Iris-virginica
iris6_ext_68,false,4.2,7.9,1.1,6.5,Iris-setosa
iris6_ext_69,false,7.7,1,6.9,8.5,Iris-setosa
iris6_ext_70,false,8.4,7.4,6.5,5.5,Iris-setosa
iris6_ext_71,false,6.1,5.7,0.8,4.1,Iris-setosa
iris6_ext_72,false,6.6,2.6,2.2,0.6,Iris-versicolor
iris6_ext_73,false,1.5,3.7,3.4,2.4,Iris-virginica
iris6_ext_74,false,5.8,4.6,2.4,7.3,Iris-setosa
iris6_ext_75,false,9.3,7.8,7.5,7.7,Iris-setosa
iris6_ext_76,false,5.6,5.6,4.5,7.4,Iris-setosa
iris6_ext_77,false,0.4,1.6,3.4,1.6,Iris-versicolor
iris6_ext_78,false,6.8,1,4,6.7,Iris-setosa
iris6_ext_79,false,2.6,5.2,2.4,1.1,Iris-versicolor
iris6_ext_80,false,9.7,1.5,3.5,7.8,Iris-versicolor
iris6_ext_81,false,6.1,7.1,3.1,4.1,Iris-virginica
iris6_ext_82,false,8.9,7.9,3.9,7.1,Iris-virginica
iris6_ext_83,false,1,1.4,1.6,7.1,Iris-versicolor
iris6_ext_84,false,0.8,0.7,8.4,1.8,Iris-virginica
iris6_ext_85,false,9.8,6.6,9.4,6.7,Iris-versicolor
iris6_ext_86,false,3.9,9.3,7.1,1,Iris-virginica
iris6_ext_87,false,3.7,3.5,3.5,9,Iris-virginica
iris6_ext_88,false,0,0.5,1.8,9.8,Iris-setosa
iris6_ext_89,false,1.9,7.7,1.6,6,Iris-versicolor
iris6_ext_90,false,7.7,5.4,0.5,1.5,Iris-versicolor
iris6_ext_91,false,1.7,9.1,6.7,8.5,Iris-versicolor
iris6_ext_92,false,8.9,2.4,5.8,0.9,Iris-virginica
iris6_ext_93,false,8.7,0.8,4.4,6.5,Iris-versicolor
iris6_ext_94,false,8,5.4,6.4,7.1,Iris-setosa
iris6_ext_95,false,9.5,5.8,6.8,4.2,Iris-setosa
iris6_ext_96,false,7.1,7.6,8,4.9,Iris-virginica
iris6_ext_97,false,0.6,0.3,1.4,2.2,Iris-virginica
iris6_ext_98,false,6.6,6.7,0.5,2.4,Iris-versicolor
iris6_ext_99,false,1.5,5.7,0.8,7.3,Iris-virginica
iris6_ext_100,false,2.5,2.8,4.5,7.9,Iris-setosa
iris6_ext_101,false,3.3,5.1,1.9,2.8,Iris-setosa
iris6_ext_102,false,3.5,0.8,5.1,6.4,Iris-versicolor
iris6_ext_103,false,1.2,7.3,3.2,3.2,Iris-virginica
iris6_ext_104,false,7.7,7,8.8,9.1,Iris-versicolor
iris6_ext_105,false,1.7,5.9,5.8,1.2,Iris-setosa
iris6_ext_106,false,2.1,9.7,1.7,5.8,Iris-versicolor
iris6_ext_107,false,9.1,6.2,8.9,6.6,Iris-virginica
iris6_ext_108,false,8.4,2.1,9.4,7,Iris-versicolor
iris6_ext_109,false,4.7,0.6,2.6,8.5,Iris-setosa
iris6_ext_110,false,8.7,8.1,6.8,4,Iris-versicolor
iris6_ext_111,false,1.6,5.6,5.6,5,Iris-versicolor
iris6_ext_112,false,6.7,5.3,7.3,5.1,Iris-virginica
iris6_ext_113,false,2.1,3.1,2.6,9.2,Iris-setosa
iris6_ext_114,false,5.7,8.7,5.3,8.9,Iris-virginica
iris6_ext_115,false,3.9,9.4,2.3,1.2,Iris-setosa
iris6_ext_116,false,8.5,4.6,7.9,3.6,Iris-setosa
iris6_ext_117,false,2.9,0.6,5.7,3,Iris-versicolor
iris6_ext_118,false,4,2.8,4.8,9.7,Iris-setosa
iris6_ext_119,false,5.3,3.2,6.9,6.7,Iris-setosa
iris6_ext_120,false,6.3,6.2,8.2,1,Iris-setosa
iris6_ext_121,false,6,5.9,6.2,6,Iris-setosa
iris6_ext_122,false,8.2,4.7,4.7,2.5,Iris-versicolor
iris6_ext_123,false,1.8,4.5,5.6,1.5,Iris-setosa
iris6_ext_124,false,3.6,1.6,9.1,2.8,Iris-setosa
iris6_ext_125,false,7.1,8.3,3.4,3.8,Iris-virginica
iris6_ext_126,false,4.1,7.3,1.8,4.6,Iris-versicolor
iris6_ext_127,false,7.6,9.6,8,1.7,Iris-virginica
iris6_ext_128,false,2.7,0.3,8.8,4.4,Iris-setosa
iris6_ext_129,false,5.8,3.8,8,5.3,Iris-setosa
iris6_ext_130,false,8.9,8.4,4.2,4,Iris-setosa
iris6_ext_131,false,0.4,0.8,7.1,9.3,Iris-virginica
iris6_ext_132,false,5.3,9.4,1.7,4.9,Iris-versicolor
iris6_ext_133,false,8.9,7.3,8.2,0.8,Iris-virginica
iris6_ext_134,false,3.9,8,5.4,5.5,Iris-virginica
iris6_ext_135,false,2.2,9.3,5,2.5,Iris-setosa
iris6_ext_136,false,9.5,0.2,9.8,8.1,Iris-versicolor
iris6_ext_137,false,7.7,3.5,2.2,2.4,Iris-setosa
iris6_ext_138,false,1.4,9.3,1.8,8.2,Iris-setosa
iris6_ext_139,false,7.3,8.4,4.5,9.6,Iris-virginica
iris6_ext_140,false,2.2,9.6,1.5,2.2,Iris-setosa
iris6_ext_141,false,2.4,0.3,9.6,4.8,Iris-setosa
iris6_ext_142,false,1.6,6.6,0.7,5.4,Iris-versicolor
iris6_ext_143,false,6.5,0.8,7.2,4.6,Iris-versicolor
iris6_ext_144,false,0.9,4.8,7.6,4.8,Iris-versicolor
iris6_ext_145,false,3.1,9.8,7.2,7.2,Iris-versicolor
iris6_ext_146,false,8.7,8.3,5.7,8.4,Iris-setosa
iris6_ext_147,false,8.4,2.9,3.1,2.2,Iris-versicolor
iris6_ext_148,false,9.3,2.8,1.1,6.5,Iris-versicolor
iris6_ext_149,false,1.5,3.3,3,9.2,Iris-virginica
iris6_ext_150,false,7.8,8.3,8.9,0.6,Iris-virginica
iris6_ext_151,false,4.9,8.7,0.9,3.6,Iris-virginica
iris6_ext_152,false,5.8,8.6,5.3,3,Iris-setosa
iris6_ext_153,false,4.2,3.6,6.3,0.2,Iris-versicolor
iris6_ext_154,false,4.3,5.8,1.4,6.4,Iris-setosa
iris6_ext_155,false,8.7,7.8,8.6,6.2,Iris-setosa
iris6_ext_156,false,8,2.2,8.2,4.8,Iris-setosa
iris6_ext_157,false,2.6,0.4,8,6.6,Iris-setosa
iris6_ext_158,false,1.8,5.9,8.9,0.5,Iris-setosa
iris6_ext_159,false,1.3,2,5,8.7,Iris-versicolor
iris6_ext_160,false,7.8,4.1,1.4,6.6,Iris-virginica
iris6_ext_161,false,1,7.4,3.9,2.5,Iris-virginica
iris6_ext_162,false,8.1,5.2,0.8,4.6,Iris-setosa
iris6_ext_163,false,7.5,8.7,8.2,4.1,Iris-setosa
iris6_ext_164,false,7.2,5.8,6.2,8.3,Iris-virginica
iris6_ext_165,false,6.3,5.2,5.8,3.1,Iris-setosa
iris6_ext_166,false,3.8,6.3,0.9,6,Iris-virginica
iris6_ext_167,false,7.8,2.9,8.8,4.9,Iris-versicolor
iris6_ext_168,false,4.9,9.2,8.3,1.6,Iris-versicolor
iris6_ext_169,false,3.8,1.2,9.8,6,Iris-setosa
iris6_ext_170,false,9.2,7.3,1.1,5.1,Iris-virginica
iris6_ext_171,false,5.9,4.8,1.2,9.2,Iris-versicolor
iris6_ext_172,false,7.4,4.1,5.2,0.6,Iris-virginica
iris6_ext_173,false,5.9,3.8,0.1,4.2,Iris-setosa
iris6_ext_174,false,3.2,3.4,4.6,7.7,Iris-virginica
iris6_ext_175,false,5.9,8.4,0.7,1.9,Iris-setosa
iris6_ext_176,false,5.2,9.1,9.6,1.3,Iris-versicolor
iris6_ext_177,false,1.1,9.7,8.5,2.8,Iris-setosa
iris6_ext_178,false,2,5.3,8.8,1.2,Iris-setosa
iris6_ext_179,false,1.4,0.1,3.8,6.1,Iris-setosa
iris6_ext_180,false,2.4,4.1,6.3,1.9,Iris-versicolor
iris6_ext_181,false,9.7,0.4,2.9,4.9,Iris-versicolor
iris6_ext_182,false,2.5,4,4.2,3.5,Iris-versicolor
iris6_ext_183,false,5.3,6.6,1.4,3.8,Iris-setosa
iris6_ext_184,false,5.9,0.6,4.5,3.9,Iris-setosa
iris6_ext_185,false,3.6,7.3,6,0.5,Iris-versicolor
iris6_ext_186,false,2.3,9.7,6.7,1.2,Iris-virginica
iris6_ext_187,false,6.4,7.4,3.8,4.1,Iris-setosa
iris6_ext_188,false,3.7,8.7,6.8,9.1,Iris-setosa
iris6_ext_189,false,9.5,7.3,4.5,6.2,Iris-setosa
iris6_ext_190,false,6.6,5.6,0.7,9.2,Iris-virginica
iris6_ext_191,false,4.3,0.6,4.5,1.2,Iris-versicolor
iris6_ext_192,false,8.1,9.8,3.6,4.5,Iris-setosa
iris6_ext_193,false,6.6,5.3,0.7,8.9,Iris-virginica
iris6_ext_194,false,5.7,8,2.1,0.9,Iris-versicolor
iris6_ext_195,false,3.9,3,6.4,7.7,Iris-setosa
iris6_ext_196,false,0.9,9.5,4.7,8.9,Iris-setosa
iris6_ext_197,false,6.8,1.5,6.6,9.3,Iris-setosa
iris6_ext_198,false,7,5.2,4.4,4.3,Iris-setosa
iris6_ext_199,false,0.9,4.7,5.6,6.5,Iris-setosa
iris6_ext_200,false,5.4,0.8,0.4,2.7,Iris-virginica
iris6_ext_201,false,1.9,0.8,2.7,1.5,Iris-setosa
iris6_ext_202,false,5,0.2,0,1.4,Iris-virginica
iris6_ext_203,false,6.9,7.7,8.3,3.8,Iris-setosa
iris6_ext_204,false,9.3,0.4,2.3,1.7,Iris-versicolor
iris6_ext_205,false,8.5,4.5,4.3,3.9,Iris-setosa
iris6_ext_206,false,3.4,6.8,9.3,6.8,Iris-versicolor
iris6_ext_207,false,2.8,2.5,7.6,8.1,Iris-setosa
iris6_ext_208,false,6.6,9.6,7.8,4.8,Iris-versicolor
iris6_ext_209,false,5.3,6.7,8,8.6,Iris-virginica
iris6_ext_210,false,8.8,9.4,1.1,5.4,Iris-versicolor
iris6_ext_211,false,6,1,5.9,9.8,Iris-setosa
iris6_ext_212,false,8.4,6.4,0.3,2.9,Iris-virginica
iris6_ext_213,false,5.2,3.9,7.5,3.1,Iris-versicolor
iris6_ext_214,false,9.5,5.5,8.1,9.5,Iris-versicolor
iris6_ext_215,false,9.1,0.1,7.3,1.5,Iris-setosa
iris6_ext_216,false,3.9,1.2,6.2,1.1,Iris-virginica
iris6_ext_217,false,8.4,5.8,6.3,0.9,Iris-virginica
iris6_ext_218,false,8.6,2.1,6.6,7.8,Iris-virginica
iris6_ext_219,false,2.6,1.3,0.6,3,Iris-versicolor
iris6_ext_220,false,3.5,1.9,6.5,7.9,Iris-versicolor
iris6_ext_221,false,4.3,9.4,0.1,7.9,Iris-setosa
iris6_ext_222,false,0.3,1.6,6.5,5.2,Iris-setosa
iris6_ext_223,false,1.3,5.8,6.9,4.3,Iris-setosa
iris6_ext_224,false,0.2,4.6,4.8,5.2,Iris-setosa
iris6_ext_225,false,0.9,4.9,7.1,0.2,Iris-virginica
iris6_ext_226,false,5.8,5.8,0.3,5.3,Iris-virginica
iris6_ext_227,false,4.5,3.4,4,9.4,Iris-versicolor
iris6_ext_228,false,5.8,0.1,6.2,4.9,Iris-virginica
iris6_ext_229,false,8.5,9.5,3.7,4.7,Iris-setosa
iris6_ext_230,false,9.2,3.9,7.6,2,Iris-setosa
iris6_ext_231,false,2.8,7.3,7.2,1.8,Iris-setosa
iris6_ext_232,false,8.3,4,1.7,0.5,Iris-setosa
iris6_ext_233,false,5.7,0.6,5.6,3.6,Iris-virginica
iris6_ext_234,false,7.4,6.9,6.8,6.5,Iris-virginica
iris6_ext_235,false,5.3,3.7,2.8,7.9,Iris-versicolor
iris6_ext_236,false,8.7,9.7,4.5,5,Iris-versicolor
iris6_ext_237,false,7.5,9.1,0.4,5.8,Iris-versicolor
iris6_ext_238,false,1.5,2.8,6.1,0.9,Iris-setosa
iris6_ext_239,false,1.2,6.9,4,8.3,Iris-versicolor
iris6_ext_240,false,6.8,9,6.5,8.7,Iris-versicolor
iris6_ext_241,false,7,1.5,5.3,9.6,Iris-versicolor
iris6_ext_242,false,3.7,4.8,7.8,8.1,Iris-virginica
iris6_ext_243,false,6.2,1.8,5,3.9,Iris-setosa
iris6_ext_244,false,3.7,2.9,5.4,2.8,Iris-versicolor
iris6_ext_245,false,0.6,6.9,4.2,5.9,Iris-virginica
iris6_ext_246,false,1.4,3.1,4.9,2.5,Iris-versicolor
iris6_ext_247,false,9.2,9.2,5.4,3.3,Iris-virginica
iris6_ext_248,false,8.7,6.4,3.8,2.6,Iris-virginica
iris6_ext_249,false,0.7,7,7.8,0.5,Iris-virginica
iris6_ext_250,false,4.2,1.1,0,6.3,Iris-virginica
iris6_ext_251,false,1,4.6,3.6,3.2,Iris-versicolor
iris6_ext_252,false,6.4,3.9,1.8,1.6,Iris-setosa
iris6_ext_253,false,9.6,5.4,7.8,1,Iris-versicolor
iris6_ext_254,false,7,9.3,0.7,5.2,Iris-virginica
iris6_ext_255,false,3.9,6.9,0.6,6.8,Iris-virginica
iris6_ext_256,false,4.7,8.4,7,1.4,Iris-virginica
iris6_ext_257,false,0,2.7,0.8,5.9,Iris-versicolor
iris6_ext_258,false,3.1,8.2,7.6,4.2,Iris-versicolor
iris6_ext_259,false,8,1.3,5.8,3.2,Iris-setosa
iris6_ext_260,false,9.5,1.3,3.9,0.5,Iris-setosa
iris6_ext_261,false,8.9,4.4,1.2,8.5,Iris-virginica
iris6_ext_262,false,0.2,5.5,6.9,8.8,Iris-versicolor
iris6_ext_263,false,8.8,8.8,8.9,2.9,Iris-setosa
iris6_ext_264,false,6.3,2.5,2.8,2.8,Iris-versicolor
iris6_ext_265,false,4,2.3,3.1,7.9,Iris-virginica
iris6_ext_266,false,6.5,7.4,7.1,9.6,Iris-versicolor
iris6_ext_267,false,7.2,3.3,4.8,7.3,Iris-virginica
iris6_ext_268,false,7.5,1.6,7.3,5.5,Iris-setosa
iris6_ext_269,false,1.3,5.2,4.2,0.7,Iris-setosa
iris6_ext_270,false,4.7,2.9,3.3,7.1,Iris-virginica
iris6_ext_271,false,5.5,5.4,0.4,8.8,Iris-setosa
iris6_ext_272,false,3.6,9,0,6.5,Iris-virginica
iris6_ext_273,false,0.8,7,9.4,4.8,Iris-virginica
iris6_ext_274,false,3.2,6.6,5.8,2.6,Iris-setosa
iris6_ext_275,false,8.1,5.4,7.5,0.2,Iris-setosa
iris6_ext_276,false,1.3,8.9,8.4,3.4,Iris-setosa
iris6_ext_277,false,3.6,5.9,2.4,6.9,Iris-virginica
iris6_ext_278,false,1.7,5.8,4.5,5.6,Iris-versicolor
iris6_ext_279,false,3.9,3.4,0.7,2.5,Iris-setosa
iris6_ext_280,false,1.3,0.2,5.3,7.5,Iris-virginica
iris6_ext_281,false,3.8,8.1,3.8,3.7,Iris-setosa
iris6_ext_282,false,8.8,8,3.9,8.3,Iris-virginica
iris6_ext_283,false,8.1,4.4,2.3,8.3,Iris-setosa
iris6_ext_284,false,0.5,1.8,0,9.1,Iris-virginica
iris6_ext_285,false,4.1,7.6,3.5,0.8,Iris-virginica
iris6_ext_286,false,9.5,8.6,5.3,8.1,Iris-versicolor
iris6_ext_287,false,7,5,1.7,4.8,Iris-setosa
iris6_ext_288,false,3.3,4,5.3,0.1,Iris-setosa
iris6_ext_289,false,4.2,1.3,5.6,9.5,Iris-virginica
iris6_ext_290,false,1.9,6,9.1,6.5,Iris-setosa
iris6_ext_291,false,0.4,6.3,9.2,1,Iris-setosa
iris6_ext_292,false,4.7,2.6,7.6,4.1,Iris-setosa
iris6_ext_293,false,1.4,8.2,9.7,4.9,Iris-versicolor
iris6_ext_294,false,1.8,0.2,7.3,8.9,Iris-versicolor
iris6_ext_295,false,3.6,8.4,6.4,2.5,Iris-virginica
iris6_ext_296,false,8.3,5.7,5.9,2.3,Iris-versicolor
iris6_ext_297,false,0.1,5.3,0.3,7.5,Iris-virginica
iris6_ext_298,false,3.2,4.6,5.2,9.3,Iris-versicolor
iris6_ext_299,false,6.4,0.3,9.1,7.8,Iris-virginica
iris6_ext_300,false,4.7,2,5,2.1,Iris-setosa
iris6_ext_301,false,4.8,4.6,1.8,6.3,Iris-versicolor
iris6_ext_302,false,6.1,4.8,7.5,0.4,Iris-versicolor
iris6_ext_303,false,8.2,2.8,5.8,4.8,Iris-versicolor
iris6_ext_304,false,5,6.6,0.9,6.5,Iris-versicolor
iris6_ext_305,false,9.5,2.1,7.5,1.3,Iris-versicolor
iris6_ext_306,false,3.3,4,4.1,7.7,Iris-virginica
iris6_ext_307,false,1.8,3.6,5.7,3.4,Iris-versicolor
iris6_ext_308,false,4.1,6.4,7.3,4.5,Iris-setosa
iris6_ext_309,false,9.6,0.4,7.9,1.4,Iris-versicolor
iris6_ext_310,false,3.7,2.8,0.5,7.9,Iris-setosa
iris6_ext_311,false,4.6,7.8,7.1,2.7,Iris-setosa
iris6_ext_312,false,5.4,3.9,1,2.3,Iris-setosa
iris6_ext_313,false,2.6,3.4,4.2,1.9,Iris-setosa
iris6_ext_314,false,6.7,1.1,1.7,2,Iris-virginica
iris6_ext_315,false,8.3,5.6,6.9,8.6,Iris-virginica
iris6_ext_316,false,3.6,4.7,0.7,3.7,Iris-virginica
iris6_ext_317,false,0.3,1.2,6.1,1.1,Iris-virginica
iris6_ext_318,false,1.1,6.3,9.2,9.3,Iris-versicolor
iris6_ext_319,false,2.7,3.8,4.4,7.4,Iris-virginica
iris6_ext_320,false,4.2,7.3,9.6,1.8,Iris-versicolor
iris6_ext_321,false,8.1,4.5,8.3,1.8,Iris-setosa
iris6_ext_322,false,3.2,7,0.3,0.8,Iris-versicolor
iris6_ext_323,false,3.8,5.4,4.8,4.5,Iris-setosa
iris6_ext_324,false,8,0.1,2.2,0.3,Iris-virginica
iris6_ext_325,false,4.5,3.6,3.4,5,Iris-virginica
iris6_ext_326,false,0.7,1.3,6.8,5.8,Iris-virginica
iris6_ext_327,false,2.2,3.5,5.9,7.3,Iris-versicolor
iris6_ext_328,false,8.5,5.6,6.7,2.4,Iris-virginica
iris6_ext_329,false,8.4,6.3,6.9,7.9,Iris-virginica
iris6_ext_330,false,7.6,4.3,3.2,0,Iris-versicolor
iris6_ext_331,false,4.9,9.6,7.6,7.3,Iris-versicolor
iris6_ext_332,false,7.8,6.8,4.6,7.1,Iris-virginica
iris6_ext_333,false,3.2,2.1,6.1,7.3,Iris-versicolor
iris6_ext_334,false,7.3,6.6,4.6,7.8,Iris-versicolor
iris6_ext_335,false,1,5.9,3.3,7.3,Iris-versicolor
iris6_ext_336,false,7.3,8.4,6.3,0.8,Iris-virginica
iris6_ext_337,false,1.1,9.2,6.6,8.5,Iris-virginica
iris6_ext_338,false,0.4,4.9,3.6,7.9,Iris-setosa
iris6_ext_339,false,9.3,5,9.2,6.4,Iris-setosa
iris6_ext_340,false,3.3,2.4,5,2.6,Iris-versicolor
iris6_ext_341,false,8.1,1.6,0.4,0.4,Iris-virginica
iris6_ext_342,false,2,6.4,0.8,8,Iris-setosa
iris6_ext_343,false,3.5,3.4,3.7,2.9,Iris-versicolor
iris6_ext_344,false,7.5,7.2,4.1,0,Iris-setosa
iris6_ext_345,false,4.9,0.9,4.2,6.9,Iris-versicolor
iris6_ext_346,false,0,8.3,9.5,6.1,Iris-virginica
iris6_ext_347,false,5.7,1.1,4.7,2.4,Iris-setosa
iris6_ext_348,false,0.9,0,2,7.7,Iris-virginica
iris6_ext_349,false,5.3,6.5,9.5,8.5,Iris-virginica
iris6_ext_350,false,8.1,3,3,4.8,Iris-virginica
iris6_ext_351,false,2.6,1.4,5.7,0.3,Iris-setosa
iris6_ext_352,false,3.5,0.9,0.7,5.1,Iris-versicolor
iris6_ext_353,false,9.7,1.3,5,8.9,Iris-setosa
iris6_ext_354,false,4,7.4,4,9.5,Iris-virginica
iris6_ext_355,false,3,5.8,9.6,6.3,Iris-versicolor
iris6_ext_356,false,5.8,4.4,4,7,Iris-virginica
iris6_ext_357,false,9.2,2.5,8.4,2.1,Iris-virginica
iris6_ext_358,false,9.8,1.9,5.4,3.8,Iris-virginica
iris6_ext_359,false,2.4,9.3,7.7,2.6,Iris-setosa
iris6_ext_360,false,3.4,6.6,3.9,1,Iris-versicolor
iris6_ext_361,false,0.1,0.5,5.7,4,Iris-setosa
iris6_ext_362,false,6.4,7.4,9,0.7,Iris-setosa
iris6_ext_363,false,4.9,0.9,8.1,7.1,Iris-versicolor
iris6_ext_364,false,9.1,4.3,3.8,8.9,Iris-versicolor
iris6_ext_365,false,9.2,4.7,7.4,2.9,Iris-setosa
iris6_ext_366,false,9.1,4.3,4.4,1.2,Iris-versicolor
iris6_ext_367,false,9.2,6,0.8,1.1,Iris-virginica
iris6_ext_368,false,0.8,9.8,5.2,4.2,Iris-setosa
iris6_ext_369,false,0.4,5.5,4.7,5.5,Iris-versicolor
iris6_ext_370,false,4.2,5.6,1.7,8.5,Iris-versicolor
iris6_ext_371,false,7,0.4,7.7,6,Iris-versicolor
iris6_ext_372,false,8.5,6.7,9.4,5.5,Iris-versicolor
iris6_ext_373,false,8.8,2.7,6.4,5.2,Iris-virginica
iris6_ext_374,false,5.1,0.7,1.9,3.5,Iris-virginica
iris6_ext_375,false,7.2,4.3,3.8,7.4,Iris-virginica
iris6_ext_376,false,7.5,5.5,6.9,0.4,Iris-versicolor
iris6_ext_377,false,8.5,4.4,2.5,8.2,Iris-virginica
iris6_ext_378,false,3.8,9.6,1.6,5,Iris-virginica
iris6_ext_379,false,6.2,4.4,7.9,5.4,Iris-setosa
iris6_ext_380,false,7.9,4.5,8.7,4.5,Iris-setosa
iris6_ext_381,false,4.1,7.8,9,7,Iris-versicolor
iris6_ext_382,false,4.8,6.3,4.2,0.6,Iris-virginica
iris6_ext_383,false,3.2,8.5,1.3,3.3,Iris-versicolor
iris6_ext_384,false,7.1,2.4,1.1,2.3,Iris-versicolor
iris6_ext_385,false,5.5,4.1,4.9,8.5,Iris-setosa
iris6_ext_386,false,4.5,0.4,0.4,3.4,Iris-versicolor
iris6_ext_387,false,3.2,4.4,9.3,1,Iris-virginica
iris6_ext_388,false,6.5,4,4.8,7.6,Iris-versicolor
iris6_ext_389,false,7.1,4.5,3.4,1.2,Iris-virginica
iris6_ext_390,false,6.8,8.4,3.9,0.1,Iris-virginica
iris6_ext_391,false,2.2,3.2,0,9.2,Iris-setosa
iris6_ext_392,false,3.4,1.5,6.7,2.2,Iris-virginica
iris6_ext_393,false,0,4,1.9,5.6,Iris-setosa
iris6_ext_394,false,5.5,3.1,1.3,4.9,Iris-setosa
iris6_ext_395,false,3.1,5.2,9,2.6,Iris-setosa
iris6_ext_396,false,1.1,1.1,9.6,2.8,Iris-virginica
iris6_ext_397,false,0.1,3.4,3.6,8.3,Iris-virginica
iris6_ext_398,false,4.9,9.6,0.1,3.1,Iris-versicolor
iris6_ext_399,false,2.5,9.8,4.6,9,Iris-setosa
iris6_ext_400,false,9.2,5.3,2.3,8.8,Iris-versicolor
iris6_ext_401,false,0.2,4.6,2.3,5.5,Iris-virginica
iris6_ext_402,false,3.6,4.6,2.7,6.4,Iris-virginica
iris6_ext_403,false,9.3,7.2,8.6,0.1,Iris-setosa
iris6_ext_404,false,5.3,0.2,1.2,6,Iris-versicolor
iris6_ext_405,false,3.2,1.9,1.5,5,Iris-setosa
iris6_ext_406,false,0.6,2.4,0.7,7.7,Iris-versicolor
iris6_ext_407,false,7.5,4.5,4.8,4.3,Iris-virginica
iris6_ext_408,false,4.4,5.5,6.1,6.6,Iris-virginica
iris6_ext_409,false,8.9,1.2,3.8,9.3,Iris-virginica
iris6_ext_410,false,8.1,2.5,4.7,1.8,Iris-setosa
iris6_ext_411,false,2,0.6,6.1,0.3,Iris-setosa
iris6_ext_412,false,0,3.5,8.7,2.9,Iris-virginica
iris6_ext_413,false,3.1,1.3,5.4,1.1,Iris-virginica
iris6_ext_414,false,5.9,8.7,6.1,3.9,Iris-virginica
iris6_ext_415,false,8.6,4,6.3,2.3,Iris-virginica
iris6_ext_416,false,1.7,8,7.2,3.8,Iris-versicolor
iris6_ext_417,false,1.8,7.1,0.1,6,Iris-versicolor
iris6_ext_418,false,7,3,7.7,8.4,Iris-virginica
iris6_ext_419,false,6.8,3.5,7.7,1.2,Iris-virginica
iris6_ext_420,false,2.2,5.9,4.8,0.9,Iris-versicolor
iris6_ext_421,false,2.3,2.2,5.5,7.2,Iris-virginica
iris6_ext_422,false,3.5,8.5,6.8,8.2,Iris-setosa
iris6_ext_423,false,8.7,1.5,7.2,5,Iris-versicolor
iris6_ext_424,false,9,1.1,1,6.3,Iris-virginica
iris6_ext_425,false,4.6,4.8,2.5,4.1,Iris-virginica
iris6_ext_426,false,6.7,6.9,4.2,8.9,Iris-virginica
iris6_ext_427,false,8.7,2,4.8,8.1,Iris-setosa
iris6_ext_428,false,2,7.5,9.4,2.2,Iris-setosa
iris6_ext_429,false,6.5,5.9,8,4.9,Iris-setosa
iris6_ext_430,false,3.8,3.2,2.3,4.5,Iris-versicolor
iris6_ext_431,false,1.6,4.6,3.8,2.2,Iris-versicolor
iris6_ext_432,false,2.8,2.8,7.3,4.2,Iris-versicolor
iris6_ext_433,false,3.3,4.2,6.8,2.8,Iris-virginica
iris6_ext_434,false,6.7,2.4,4.8,1.4,Iris-versicolor
iris6_ext_435,false,7.9,9.8,8.5,7.2,Iris-virginica
iris6_ext_436,false,7.5,1.2,7.2,3,Iris-setosa
iris6_ext_437,false,7.7,2,9.7,2,Iris-setosa
iris6_ext_438,false,2.3,9.4,1,2.9,Iris-setosa
iris6_ext_439,false,9,3.4,6.6,0.9,Iris-virginica
iris6_ext_440,false,6.7,3.7,0.1,7.9,Iris-versicolor
iris6_ext_441,false,2,1.7,4,4.4,Iris-setosa
iris6_ext_442,false,9.7,2.6,5,6.4,Iris-versicolor
iris6_ext_443,false,5.7,3.8,6.6,4.5,Iris-virginica
iris6_ext_444,false,7.1,1.7,6.9,1,Iris-versicolor
iris6_ext_445,false,1.7,1.3,6.3,1.6,Iris-versicolor
iris6_ext_446,false,0.1,0.5,4.9,6.5,Iris-virginica
iris6_ext_447,false,3.3,0.7,6.6,5.2,Iris-setosa
iris6_ext_448,false,3.6,1.8,3.3,4.2,Iris-versicolor
iris6_ext_449,false,2.4,7,5.1,6.7,Iris-versicolor
iris6_ext_450,false,3.2,3.6,5.5,6,Iris-virginica
iris6_ext_451,false,1.5,2.8,5.1,9.7,Iris-versicolor
iris6_ext_452,false,3.8,0.8,9.4,3.7,Iris-setosa
iris6_ext_453,false,9.8,2.8,9,2,Iris-virginica
iris6_ext_454,false,9.5,1.2,9,3.3,Iris-virginica
iris6_ext_455,false,2,0.3,4.1,4,Iris-virginica
iris6_ext_456,false,1,5.4,3.4,5.4,Iris-virginica
iris6_ext_457,false,0,5.6,8.5,0.8,Iris-versicolor
iris6_ext_458,false,9.6,6,3.8,2,Iris-virginica
iris6_ext_459,false,2.9,3,6,0.9,Iris-setosa
iris6_ext_460,false,2.1,3.7,7,6.8,Iris-setosa
iris6_ext_461,false,2.1,9.6,5.5,4.1,Iris-versicolor
iris6_ext_462,false,0.2,0,1,7.4,Iris-setosa
iris6_ext_463,false,9.5,1,5.1,8,Iris-setosa
iris6_ext_464,false,6.8,1.3,9.1,7.7,Iris-virginica
iris6_ext_465,false,0.9,8.8,9.6,3.3,Iris-setosa
iris6_ext_466,false,5.4,3.5,2.8,8.6,Iris-setosa
iris6_ext_467,false,1.4,2.1,6.7,3.5,Iris-versicolor
iris6_ext_468,false,2.3,9.7,7.4,1.4,Iris-virginica
iris6_ext_469,false,2.5,1.7,2.7,4.9,Iris-setosa
iris6_ext_470,false,8.2,5.9,7.4,3.5,Iris-versicolor
iris6_ext_471,false,4.3,5.2,9.8,7.4,Iris-versicolor
iris6_ext_472,false,9.7,8.1,0.3,2.9,Iris-versicolor
iris6_ext_473,false,1.9,5.1,9.6,7,Iris-virginica
iris6_ext_474,false,1.9,9,9.8,2,Iris-virginica
iris6_ext_475,false,5.1,2.8,2.1,6.4,Iris-virginica
iris6_ext_476,false,1.2,3.8,8,9.4,Iris-versicolor
iris6_ext_477,false,3.7,3.9,8.3,4.7,Iris-virginica
iris6_ext_478,false,1.4,0.7,1.9,1.9,Iris-setosa
iris6_ext_479,false,3.6,6.1,5.4,9.5,Iris-virginica
iris6_ext_480,false,5.4,7.5,1.2,8.3,Iris-setosa
iris6_ext_481,false,6.8,7,9.4,4.4,Iris-setosa
iris6_ext_482,false,8.9,1.2,0.8,5.6,Iris-versicolor
iris6_ext_483,false,4.1,0.6,8.2,6.7,Iris-setosa
iris6_ext_484,false,8.6,5.6,2.2,9.1,Iris-versicolor
iris6_ext_485,false,6.9,5.1,3.4,4.7,Iris-versicolor
iris6_ext_486,false,9.1,8.9,2.1,9,Iris-setosa
iris6_ext_487,false,9.6,3.9,7.5,6.9,Iris-versicolor
iris6_ext_488,false,2.6,7.6,1.7,5.7,Iris-setosa
iris6_ext_489,false,7.6,9.8,6.9,4.1,Iris-virginica
iris6_ext_490,false,6.5,1.4,6.1,7,Iris-versicolor
iris6_ext_491,false,2.4,6.2,1.5,9.3,Iris-versicolor
iris6_ext_492,false,1.4,8,8.3,9,Iris-virginica
iris6_ext_493,false,3.7,7.7,3.8,4.1,Iris-versicolor
iris6_ext_494,false,9.4,0.3,2.5,6.9,Iris-setosa
iris6_ext_495,false,4.7,3.6,1.3,8.6,Iris-virginica
iris6_ext_496,false,1.8,4.4,3.6,9.6,Iris-versicolor
iris6_ext_497,false,9.6,2.2,6.5,1.9,Iris-versicolor
iris6_ext_498,false,9.8,6.2,8.8,2.6,Iris-versicolor
iris6_ext_499,false,9,5.6,8.8,2.1,Iris-virginica
iris6_ext_500,false,7.2,0.9,7.7,9,Iris-versicolor
iris6_ext_501,false,0.5,4.8,2.3,3.7,Iris-virginica
iris6_ext_502,false,7,3.1,6.8,3.2,Iris-virginica
iris6_ext_503,false,2.9,5.7,6.5,6.9,Iris-virginica
iris6_ext_504,false,8.5,9.7,8.1,6.6,Iris-setosa
iris6_ext_505,false,9.6,9.4,3.2,0.5,Iris-setosa
iris6_ext_506,false,7.8,5.6,8.1,2.9,Iris-virginica
iris6_ext_507,false,1.8,8.2,1.5,2.2,Iris-versicolor
iris6_ext_508,false,2.9,4.6,2.4,4.2,Iris-setosa
iris6_ext_509,false,2.4,2.5,0.9,2.9,Iris-setosa
iris6_ext_510,false,1.5,1.5,1.4,7.2,Iris-setosa
iris6_ext_511,false,3.2,1.4,3.4,9.2,Iris-versicolor
iris6_ext_512,false,6.8,6.8,3.6,7.4,Iris-setosa
iris6_ext_513,false,1.8,2.3,3.3,6.9,Iris-versicolor
iris6_ext_514,false,0.5,0.6,4.3,6.5,Iris-setosa
iris6_ext_515,false,7.5,5.1,1.1,1.2,Iris-setosa
iris6_ext_516,false,7,5.3,9.1,6.7,Iris-setosa
iris6_ext_517,false,5.5,6.9,5.8,5.7,Iris-versicolor
iris6_ext_518,false,6.3,6.7,3.6,1,Iris-versicolor
iris6_ext_519,false,0.1,4.7,3.8,2.2,Iris-versicolor
iris6_ext_520,false,1.1,0.1,2.4,8.2,Iris-versicolor
iris6_ext_521,false,5.2,7.6,6.2,1.2,Iris-virginica
iris6_ext_522,false,6.1,4.3,3.2,5.1,Iris-versicolor
iris6_ext_523,false,2,9.8,0.7,6.8,Iris-setosa
iris6_ext_524,false,5.8,3.4,3.1,0.4,Iris-virginica
iris6_ext_525,false,1,6.1,8.5,1.6,Iris-virginica
iris6_ext_526,false,8.4,9.1,8.5,1.9,Iris-versicolor
iris6_ext_527,false,0.6,9.8,5.9,8.1,Iris-setosa
iris6_ext_528,false,2,0.5,0.9,6,Iris-versicolor
iris6_ext_529,false,9.8,4.2,3.3,3,Iris-setosa
iris6_ext_530,false,0,8.8,9.5,1.7,Iris-virginica
iris6_ext_531,false,1.4,5.9,9.8,2.2,Iris-setosa
iris6_ext_532,false,4.3,6,2.1,5,Iris-versicolor
iris6_ext_533,false,8.5,0.7,2.2,7.2,Iris-virginica
iris6_ext_534,false,2.9,4,0.8,0.9,Iris-versicolor
iris6_ext_535,false,7.7,5,6,9.5,Iris-versicolor
iris6_ext_536,false,9.4,2,0.8,1.8,Iris-setosa
iris6_ext_537,false,9.7,7.2,3,1.7,Iris-setosa
iris6_ext_538,false,2.2,6.2,1.9,4.2,Iris-setosa
iris6_ext_539,false,5.2,0.6,5.2,9.5,Iris-virginica
iris6_ext_540,false,0,9.5,7.3,4.9,Iris-setosa
iris6_ext_541,false,7.8,2.3,5.9,2.5,Iris-versicolor
iris6_ext_542,false,2.9,0.6,6.7,1.2,Iris-versicolor
iris6_ext_543,false,7.9,7,7.3,6.4,Iris-setosa
iris6_ext_544,false,0.1,3.3,1.6,0.4,Iris-versicolor
iris6_ext_545,false,5.2,1,8.9,0.9,Iris-setosa
iris6_ext_546,false,3.4,5.9,5.2,8.6,Iris-setosa
iris6_ext_547,false,8.3,6.6,0.4,0.2,Iris-setosa
iris6_ext_548,false,0.2,7.2,6.4,0.7,Iris-setosa
iris6_ext_549,false,5,3.2,7.5,7.1,Iris-setosa
iris6_ext_550,false,9.7,2.9,9.5,6.2,Iris-versicolor
iris6_ext_551,false,0.6,4.9,2.9,2.2,Iris-setosa
iris6_ext_552,false,8.3,9.5,3.4,0.3,Iris-virginica
iris6_ext_553,false,4.1,5.5,8.3,6.7,Iris-virginica
iris6_ext_554,false,4.4,1.7,6.7,2,Iris-versicolor
iris6_ext_555,false,3.5,3.1,6.6,6.2,Iris-setosa
iris6_ext_556,false,3.2,6.9,1.6,8.6,Iris-virginica
iris6_ext_557,false,7.2,2,3.1,7.7,Iris-virginica
iris6_ext_558,false,4.4,4.3,0.1,2.5,Iris-virginica
iris6_ext_559,false,9.2,2.1,0.3,7.1,Iris-versicolor
iris6_ext_560,false,7.8,2.8,2.3,7.5,Iris-virginica
iris6_ext_561,false,0.6,8.7,2,4.8,Iris-versicolor
iris6_ext_562,false,5.8,5.4,1,0,Iris-versicolor
iris6_ext_563,false,1.8,5.4,9.3,5.7,Iris-versicolor
iris6_ext_564,false,4.5,2.8,5.7,2.3,Iris-virginica
iris6_ext_565,false,6.1,2.6,3.8,0.9,Iris-virginica
iris6_ext_566,false,5.6,4.6,2.9,3.6,Iris-versicolor
iris6_ext_567,false,8.7,3.9,4.3,9.6,Iris-setosa
iris6_ext_568,false,9.4,9,3,8.2,Iris-versicolor
iris6_ext_569,false,7.3,5.8,4.3,8.4,Iris-virginica
iris6_ext_570,false,6.1,1.1,5.7,4.8,Iris-setosa
iris6_ext_571,false,5.7,5.4,5.4,6.4,Iris-versicolor
iris6_ext_572,false,5.4,2.2,6.8,7.2,Iris-versicolor
iris6_ext_573,false,5.7,9.8,7.1,3.6,Iris-virginica
iris6_ext_574,false,3.7,6.8,7.8,2.1,Iris-virginica
iris6_ext_575,false,2.5,6.6,0.9,6.9,Iris-versicolor
iris6_ext_576,false,3.2,7.3,0.9,0,Iris-virginica
iris6_ext_577,false,8.7,1.1,5.3,9.7,Iris-virginica
iris6_ext_578,false,8.9,6.2,6.6,2.9,Iris-setosa
iris6_ext_579,false,0.7,4.4,4.3,5.1,Iris-setosa
iris6_ext_580,false,8.1,5.6,6.1,1.4,Iris-virginica
iris6_ext_581,false,9.5,0.6,8.2,8.9,Iris-setosa
iris6_ext_582,false,2,4.2,4.2,7.3,Iris-versicolor
iris6_ext_583,false,5.9,7.8,1.5,3.8,Iris-setosa
iris6_ext_584,false,3.1,0.7,5.4,1.8,Iris-virginica
iris6_ext_585,false,2.6,3.9,5.9,0.4,Iris-setosa
iris6_ext_586,false,3,1.2,9.7,6,Iris-versicolor
iris6_ext_587,false,5.7,2.1,3.1,5.8,Iris-versicolor
iris6_ext_588,false,5.8,4.3,4.7,2.7,Iris-virginica
iris6_ext_589,false,6.6,8.1,9.1,6.8,Iris-virginica
iris6_ext_590,false,4.7,1.9,5.5,3.2,Iris-virginica
iris6_ext_591,false,2.2,5.2,0.3,4.3,Iris-versicolor
iris6_ext_592,false,3.6,4.2,1.7,9.1,Iris-setosa
iris6_ext_593,false,5.5,4.2,9.8,7.4,Iris-versicolor
iris6_ext_594,false,1.9,6.9,8.6,1.9,Iris-setosa
iris6_ext_595,false,0.4,2.6,7.7,8.6,Iris-virginica
iris6_ext_596,false,7.5,7.9,3.7,5.4,Iris-virginica
iris6_ext_597,false,4.6,7.5,8.7,6.4,Iris-versicolor
iris6_ext_598,false,0.7,3.3,0.1,7.5,Iris-setosa
iris6_ext_599,false,0,5.4,4.8,3,Iris-versicolor
iris6_ext_600,false,1.3,5,8.1,9.2,Iris-setosa
iris6_ext_601,false,7.5,7.7,4.9,5.6,Iris-setosa
iris6_ext_602,false,1,2.9,1.9,2.3,Iris-versicolor
iris6_ext_603,false,7.6,0.4,0.5,5.3,Iris-virginica
iris6_ext_604,false,3,6.3,8.5,0.4,Iris-setosa
iris6_ext_605,false,8.9,4.7,3,0.8,Iris-versicolor
iris6_ext_606,false,1.9,2.9,0.3,6.6,Iris-virginica
iris6_ext_607,false,4.8,7.5,0.9,6.1,Iris-virginica
iris6_ext_608,false,1.6,8.7,3.6,7.3,Iris-setosa
iris6_ext_609,false,2.5,6.9,6,3.3,Iris-virginica
iris6_ext_610,false,6.4,7.7,8.8,9.4,Iris-versicolor
iris6_ext_611,false,1.2,4.4,4.2,6.3,Iris-setosa
iris6_ext_612,false,9.3,8,7.1,5.8,Iris-setosa
iris6_ext_613,false,1.2,3.8,7.8,8.1,Iris-setosa
iris6_ext_614,false,1.7,5.1,6.6,4.5,Iris-setosa
iris6_ext_615,false,0.6,3.6,7.7,2,Iris-virginica
iris6_ext_616,false,3.5,1.2,4.2,2.3,Iris-virginica
iris6_ext_617,false,3.4,2.6,4.5,4.6,Iris-virginica
iris6_ext_618,false,8,2.9,1.9,5.8,Iris-setosa
iris6_ext_619,false,4.7,6.6,3.1,5.4,Iris-virginica
iris6_ext_620,false,7.7,5.2,5.4,5.4,Iris-versicolor
iris6_ext_621,false,0.5,0.3,4.7,8.9,Iris-versicolor
iris6_ext_622,false,6.8,8.7,5.4,0.7,Iris-versicolor
iris6_ext_623,false,0,1.1,2.3,4.7,Iris-versicolor
iris6_ext_624,false,7.4,3.6,7.5,9.6,Iris-virginica
iris6_ext_625,false,0.7,4.6,3.3,8.8,Iris-virginica
iris6_ext_626,false,0.1,2.3,9.3,7.7,Iris-versicolor
iris6_ext_627,false,9.4,5.5,8.8,7.5,Iris-versicolor
iris6_ext_628,false,1.6,5.1,5.5,5.4,Iris-virginica
iris6_ext_629,false,3.8,7.5,8.6,0.2,Iris-virginica
iris6_ext_630,false,5.4,8.9,5.3,3.9,Iris-setosa
iris6_ext_631,false,3.6,2.7,2.8,2.6,Iris-virginica
iris6_ext_632,false,6.7,2.5,8.6,2.6,Iris-setosa
iris6_ext_633,false,7.5,9.6,0.4,5.6,Iris-setosa
iris6_ext_634,false,7.8,0.5,5.8,3.9,Iris-setosa
iris6_ext_635,false,7.5,5.9,3,6.2,Iris-virginica
iris6_ext_636,false,4.8,3.6,3.5,3.6,Iris-setosa
iris6_ext_637,false,1,2.1,2.6,6.3,Iris-versicolor
iris6_ext_638,false,3.8,6.8,1.4,3.7,Iris-virginica
iris6_ext_639,false,2.3,1.2,7.1,8.6,Iris-virginica
iris6_ext_640,false,7.7,4.1,5.9,6.5,Iris-versicolor
iris6_ext_641,false,5.1,2.1,4.9,0.2,Iris-virginica
iris6_ext_642,false,1.3,8.6,7.7,6.1,Iris-setosa
iris6_ext_643,false,1.3,5.3,8.8,3.9,Iris-setosa
iris6_ext_644,false,7.7,2.3,8.7,9.7,Iris-versicolor
iris6_ext_645,false,9.2,7.1,5.2,4.7,Iris-setosa
iris6_ext_646,false,2.9,5.8,9.5,3.8,Iris-versicolor
iris6_ext_647,false,1.1,0.3,1.1,2.8,Iris-versicolor
iris6_ext_648,false,2.8,8.2,0.1,4.2,Iris-setosa
iris6_ext_649,false,4,5.2,0,2.6,Iris-virginica
iris6_ext_650,false,6.4,5.5,2,5.8,Iris-virginica
iris6_ext_651,false,7.7,9.5,7.3,1.4,Iris-versicolor
iris6_ext_652,false,2.2,0.3,4.4,0.4,Iris-virginica
iris6_ext_653,false,8.7,9.4,0.2,9,Iris-setosa
iris6_ext_654,false,3.2,4.9,8.9,1.8,Iris-versicolor
iris6_ext_655,false,5.4,2.7,0.3,1.9,Iris-virginica
iris6_ext_656,false,9.4,7.6,1.6,3.5,Iris-setosa
iris6_ext_657,false,6.9,3,0.9,0.4,Iris-virginica
iris6_ext_658,false,0.1,2,0.2,9.4,Iris-setosa
iris6_ext_659,false,1.1,9.6,0.4,6.6,Iris-setosa
iris6_ext_660,false,6.3,8.4,0.8,5.3,Iris-setosa
iris6_ext_661,false,8.2,7.2,0.8,4.5,Iris-virginica
iris6_ext_662,false,9.1,3.5,9,7,Iris-versicolor
iris6_ext_663,false,4.7,7.5,3.4,1.9,Iris-setosa
iris6_ext_664,false,4.6,8.4,8.5,0.4,Iris-versicolor
iris6_ext_665,false,3.1,9.1,7.6,3.6,Iris-setosa
iris6_ext_666,false,5.4,4.9,2.5,8.8,Iris-versicolor
iris6_ext_667,false,1.8,4.5,9.8,5,Iris-versicolor
iris6_ext_668,false,6.4,7.3,7.6,5.3,Iris-virginica
iris6_ext_669,false,5.4,2.9,4.3,4.3,Iris-versicolor
iris6_ext_670,false,3.9,3.2,8.2,6.1,Iris-versicolor
iris6_ext_671,false,1,7.8,1.8,7.4,Iris-setosa
iris6_ext_672,false,0.4,1.8,7.1,6.7,Iris-virginica
iris6_ext_673,false,2.2,3,2,9.6,Iris-virginica
iris6_ext_674,false,7.8,5,5.6,4.7,Iris-virginica
iris6_ext_675,false,1.8,2.8,9.4,2.5,Iris-setosa
iris6_ext_676,false,4.5,1.4,5.2,1.1,Iris-setosa
iris6_ext_677,false,2.8,4.2,9.7,3.8,Iris-virginica
iris6_ext_678,false,6.1,5,4,6,Iris-versicolor
iris6_ext_679,false,0.1,7.9,4.8,5,Iris-setosa
iris6_ext_680,false,8.7,1.6,1.2,1.7,Iris-versicolor
iris6_ext_681,false,5.7,9.4,2.8,9.2,Iris-virginica
iris6_ext_682,false,8.6,0.4,4.1,8.3,Iris-setosa
iris6_ext_683,false,0.1,8.7,7.3,4.6,Iris-virginica
iris6_ext_684,false,4.5,3.3,9.6,1.3,Iris-versicolor
iris6_ext_685,false,0.8,7.1,1.8,5.7,Iris-versicolor
iris6_ext_686,false,5.8,6.2,1.7,3.6,Iris-setosa
iris6_ext_687,false,8.2,6.8,1.7,8.9,Iris-virginica
iris6_ext_688,false,1.6,3.7,5,2.1,Iris-versicolor
iris6_ext_689,false,7.5,7.1,8.7,1.9,Iris-virginica
iris6_ext_690,false,2.6,3.3,9,4.6,Iris-versicolor
iris6_ext_691,false,8.7,5.6,3.6,0.7,Iris-versicolor
iris6_ext_692,false,9,3,0.5,5.3,Iris-virginica
iris6_ext_693,false,1.8,7.6,2.5,3.8,Iris-versicolor
iris6_ext_694,false,9,7.8,2.1,8.2,Iris-versicolor
iris6_ext_695,false,4.4,6.6,9,0.5,Iris-setosa
iris6_ext_696,false,2.8,8.2,7.4,4.5,Iris-setosa
iris6_ext_697,false,6.1,0.8,0.4,7.6,Iris-setosa
iris6_ext_698,false,8.4,1.2,4.1,1.1,Iris-versicolor
iris6_ext_699,false,1.4,8.4,0.2,5.5,Iris-setosa
iris6_ext_700,false,6.3,1.6,3.1,0.3,Iris-setosa
iris6_ext_701,false,9.8,8.4,8.5,0.2,Iris-versicolor
iris6_ext_702,false,7.2,7.1,6.7,2.7,Iris-setosa
iris6_ext_703,false,4,0.9,3,5.5,Iris-virginica
iris6_ext_704,false,8,2.8,5.5,9.5,Iris-versicolor
iris6_ext_705,false,8.5,9.1,5.1,1.1,Iris-versicolor
iris6_ext_706,false,2,9,2,4.3,Iris-versicolor
iris6_ext_707,false,4.5,1.8,1.3,9.6,Iris-setosa
iris6_ext_708,false,1.4,1,9.4,4,Iris-versicolor
iris6_ext_709,false,6.9,4.5,6.1,6.3,Iris-versicolor
iris6_ext_710,false,2.7,9,3.8,6.9,Iris-virginica
iris6_ext_711,false,1.1,9.5,6.9,0.7,Iris-virginica
iris6_ext_712,false,1.7,5.3,2.6,1.5,Iris-setosa
iris6_ext_713,false,9.3,9.8,9.1,8.7,Iris-virginica
iris6_ext_714,false,5.8,2.8,3.8,8.4,Iris-setosa
iris6_ext_715,false,1.1,0.3,2.8,5.1,Iris-virginica
iris6_ext_716,false,7.5,6,3.6,6.1,Iris-setosa
iris6_ext_717,false,5.6,7.3,9.6,1,Iris-versicolor
iris6_ext_718,false,9.5,6.7,3.2,8.3,Iris-virginica
iris6_ext_719,false,0.3,9.5,1.1,2.1,Iris-versicolor
iris6_ext_720,false,4.2,8.1,2.1,7.6,Iris-versicolor
iris6_ext_721,false,4.7,1.7,7.6,4,Iris-versicolor
iris6_ext_722,false,6,4.3,5.1,5.8,Iris-versicolor
iris6_ext_723,false,3.6,5.1,6.1,6.9,Iris-virginica
iris6_ext_724,false,4.7,7.1,0.1,8.6,Iris-setosa
iris6_ext_725,false,0,5.2,5.8,1.4,Iris-versicolor
iris6_ext_726,false,7.6,1.7,0.5,5.3,Iris-versicolor
iris6_ext_727,false,7,1.4,3.8,8.4,Iris-versicolor
iris6_ext_728,false,4.1,3.5,3.4,0.9,Iris-virginica
iris6_ext_729,false,3.5,1.5,6.7,8.8,Iris-setosa
iris6_ext_730,false,0.8,4.6,9.7,0.1,Iris-versicolor
iris6_ext_731,false,9.1,3.6,1.1,0.4,Iris-setosa
iris6_ext_732,false,3.1,8,4.5,4.7,Iris-virginica
iris6_ext_733,false,0.5,1.2,9.6,8.8,Iris-versicolor
iris6_ext_734,false,2.4,0.6,2.4,4.5,Iris-versicolor
iris6_ext_735,false,8.5,4.2,2.7,4.1,Iris-setosa
iris6_ext_736,false,5.7,8.4,5.4,8.3,Iris-virginica
iris6_ext_737,false,5.2,7.7,1.1,0.4,Iris-versicolor
iris6_ext_738,false,1.1,2.6,6,5,Iris-setosa
iris6_ext_739,false,4.9,0.1,1.6,0.1,Iris-versicolor
iris6_ext_740,false,0.6,2,3.6,1.5,Iris-setosa
iris6_ext_741,false,3.3,9.7,0.6,6.5,Iris-setosa
iris6_ext_742,false,6.2,3.4,9.2,7.9,Iris-versicolor
iris6_ext_743,false,5.2,1.4,3.1,1.1,Iris-versicolor
iris6_ext_744,false,2.3,7.3,5.8,7.7,Iris-virginica
iris6_ext_745,false,5.7,5.6,8.1,1.5,Iris-setosa
iris6_ext_746,false,4.3,2.3,1.9,9.7,Iris-setosa
iris6_ext_747,false,8.8,7.1,1.7,2.8,Iris-versicolor
iris6_ext_748,false,4.5,7.6,0.4,1.2,Iris-setosa
iris6_ext_749,false,8.8,9.2,1.6,1.2,Iris-versicolor
iris6_ext_750,false,0.8,4.1,9.1,1.9,Iris-virginica
iris6_ext_751,false,5.6,9.4,4.4,2.1,Iris-setosa
iris6_ext_752,false,3.6,4,7.4,9.4,Iris-virginica
iris6_ext_753,false,2.9,3.3,5,7.5,Iris-virginica
iris6_ext_754,false,0.6,9.5,1.1,1.7,Iris-versicolor
iris6_ext_755,false,9.2,0.6,8.5,8.9,Iris-versicolor
iris6_ext_756,false,1.4,5.2,6.1,8.8,Iris-versicolor
iris6_ext_757,false,5.6,0.1,3.6,3.7,Iris-virginica
iris6_ext_758,false,5.7,7.2,5.4,2.1,Iris-setosa
iris6_ext_759,false,3.6,3.9,1.5,5.7,Iris-setosa
iris6_ext_760,false,3.9,9.3,7.3,1.9,Iris-setosa
iris6_ext_761,false,4.5,1,6.2,6.8,Iris-versicolor
iris6_ext_762,false,1.7,1.8,9.7,9.2,Iris-setosa
iris6_ext_763,false,2.5,6.4,3.1,6.1,Iris-virginica
iris6_ext_764,false,6.9,6.9,8.8,2,Iris-versicolor
iris6_ext_765,false,0.6,6.8,2.4,2.7,Iris-virginica
iris6_ext_766,false,8.8,6.5,1.1,9.6,Iris-versicolor
iris6_ext_767,false,6.4,2.6,2,5.2,Iris-virginica
iris6_ext_768,false,4.4,6.4,9.3,8.2,Iris-versicolor
iris6_ext_769,false,8.4,5.7,1,3,Iris-versicolor
iris6_ext_770,false,2.7,8.3,3.9,1.2,Iris-virginica
iris6_ext_771,false,7,0,0.2,0.6,Iris-virginica
iris6_ext_772,false,8.3,3.7,2.2,6.5,Iris-setosa
iris6_ext_773,false,3.2,3.1,7.4,4.1,Iris-versicolor
iris6_ext_774,false,2.4,7.7,5.4,0.8,Iris-setosa
iris6_ext_775,false,5.3,8.8,5.6,7.9,Iris-setosa
iris6_ext_776,false,6.9,6.4,4.7,8.5,Iris-setosa
iris6_ext_777,false,2.2,7.8,0.7,5.9,Iris-virginica
iris6_ext_778,false,0.1,1.3,1.9,2,Iris-versicolor
iris6_ext_779,false,3.3,4.7,0.9,9.8,Iris-versicolor
iris6_ext_780,false,6.1,3.3,4.7,2.7,Iris-versicolor
iris6_ext_781,false,7.1,2.5,3.1,7.5,Iris-versicolor
iris6_ext_782,false,5,8.9,6.2,4.4,Iris-virginica
iris6_ext_783,false,5,1.4,7,0.6,Iris-setosa
iris6_ext_784,false,4.7,1.1,8.3,7.6,Iris-versicolor
iris6_ext_785,false,5.3,0.9,1,2.5,Iris-setosa
iris6_ext_786,false,1.2,8.2,3.1,9.3,Iris-setosa
iris6_ext_787,false,7.5,2.7,3.2,7.9,Iris-versicolor
iris6_ext_788,false,7.9,2.1,9.7,7.4,Iris-setosa
iris6_ext_789,false,1.6,4.2,3,0.3,Iris-virginica
iris6_ext_790,false,4.4,5,3.3,7.9,Iris-versicolor
iris6_ext_791,false,0.5,3.7,8.9,0.4,Iris-versicolor
iris6_ext_792,false,1.8,7.4,5.8,5.1,Iris-setosa
iris6_ext_793,false,3.9,7.3,5.5,9.2,Iris-versicolor
iris6_ext_794,false,2.4,9.5,1.5,2.9,Iris-versicolor
iris6_ext_795,false,0.3,5,2.6,6.6,Iris-versicolor
iris6_ext_796,false,0.4,1.5,3.2,5.5,Iris-virginica
iris6_ext_797,false,1.7,9.2,1,9.5,Iris-virginica
iris6_ext_798,false,7.9,8.2,3.1,8.4,Iris-virginica
iris6_ext_799,false,4.5,3.2,6.7,2.3,Iris-virginica
iris6_ext_800,false,1.8,9.3,6.2,0,Iris-setosa
iris6_ext_801,false,3,4.3,8.3,0.6,Iris-setosa
iris6_ext_802,false,2.8,4.2,3.6,0.3,Iris-virginica
iris6_ext_803,false,0.2,0.8,3.6,5.8,Iris-virginica
iris6_ext_804,false,0,1.2,4,1.4,Iris-versicolor
iris6_ext_805,false,9.4,7.4,8.2,5.3,Iris-setosa
iris6_ext_806,false,3.6,1.7,5.2,3,Iris-setosa
iris6_ext_807,false,5.9,0.5,9.4,8.2,Iris-virginica
iris6_ext_808,false,8.4,3.6,3.5,7.5,Iris-virginica
iris6_ext_809,false,5.1,0.7,7.7,1.9,Iris-virginica
iris6_ext_810,false,0.3,3.5,2.6,6.1,Iris-virginica
iris6_ext_811,false,8.2,9,0,5.8,Iris-virginica
iris6_ext_812,false,7,7.5,5.5,0.4,Iris-setosa
iris6_ext_813,false,6.4,9.2,4.5,7.2,Iris-versicolor
iris6_ext_814,false,0.3,5.6,9.4,4.1,Iris-versicolor
iris6_ext_815,false,8.7,9.1,3.8,8.7,Iris-setosa
iris6_ext_816,false,8.3,3.7,1.4,7.5,Iris-setosa
iris6_ext_817,false,9.5,6.9,2.3,3.2,Iris-virginica
iris6_ext_818,false,7.7,1.9,8.2,5.3,Iris-setosa
iris6_ext_819,false,0.3,4.2,4.9,9.7,Iris-versicolor
iris6_ext_820,false,5.8,1.1,0.8,9.4,Iris-setosa
iris6_ext_821,false,6.4,0.3,1.1,8.2,Iris-virginica
iris6_ext_822,false,9.4,3.6,5.5,8.1,Iris-setosa
iris6_ext_823,false,7.8,6.6,8.8,5.7,Iris-virginica
iris6_ext_824,false,6.6,3.6,5.6,5.7,Iris-setosa
iris6_ext_825,false,0.3,9.4,5.7,3.7,Iris-setosa
iris6_ext_826,false,8.5,3.9,1.5,9,Iris-versicolor
iris6_ext_827,false,8,2.6,8.6,0.4,Iris-virginica
iris6_ext_828,false,9.2,5.3,0.4,9.5,Iris-setosa
iris6_ext_829,false,7.8,8.3,7.8,6.5,Iris-versicolor
iris6_ext_830,false,5.3,0.5,1.9,5.9,Iris-versicolor
iris6_ext_831,false,7,1,8.5,7.3,Iris-setosa
iris6_ext_832,false,0,9.5,9.1,2.6,Iris-versicolor
iris6_ext_833,false,0.4,0.9,7.5,1.5,Iris-setosa
iris6_ext_834,false,3.9,9.7,4.1,2.4,Iris-setosa
iris6_ext_835,false,2.7,4.6,8,9.5,Iris-virginica
iris6_ext_836,false,5,0.2,9.6,8.4,Iris-setosa
iris6_ext_837,false,8.8,9.8,6,3.4,Iris-setosa
iris6_ext_838,false,0.1,1.6,6.9,7.7,Iris-versicolor
iris6_ext_839,false,8,0.1,1.5,2.8,Iris-virginica
iris6_ext_840,false,7,8.5,0.9,9.1,Iris-virginica
iris6_ext_841,false,7.6,9.3,5.8,1.7,Iris-virginica
iris6_ext_842,false,1.2,6.7,5.7,7.6,Iris-versicolor
iris6_ext_843,false,8.1,0.2,7.2,6.2,Iris-setosa
iris6_ext_844,false,5.6,4.5,5.2,2.4,Iris-virginica
iris6_ext_845,false,0.3,8.1,9.5,3.2,Iris-virginica
iris6_ext_846,false,7.8,3.5,1.3,1,Iris-virginica
iris6_ext_847,false,9.6,0.4,3.7,2.4,Iris-setosa
iris6_ext_848,false,2.8,0.5,1.8,1.3,Iris-versicolor
iris6_ext_849,false,8.7,7.1,2.2,7.5,Iris-virginica
iris6_ext_850,false,6.8,0,9.2,4.8,Iris-setosa
iris6_ext_851,false,6,4,2.4,7.5,Iris-versicolor
iris6_ext_852,false,7.3,2.9,1.9,2.6,Iris-virginica
iris6_ext_853,false,6.5,0.4,6.5,0,Iris-virginica
iris6_ext_854,false,9.3,7.5,1.7,2.8,Iris-setosa
iris6_ext_855,false,3.2,1.5,5.1,6.7,Iris-setosa
iris6_ext_856,false,2.5,4.2,2.2,2.8,Iris-setosa
iris6_ext_857,false,3.7,1.3,4.6,1.8,Iris-versicolor
iris6_ext_858,false,1.2,8.9,1.4,1.4,Iris-setosa
iris6_ext_859,false,4.1,5.7,9.4,7.5,Iris-versicolor
iris6_ext_860,false,3.4,3.8,9.4,4.6,Iris-virginica
iris6_ext_861,false,6.1,9.6,8.6,5.1,Iris-setosa
iris6_ext_862,false,6.3,7.7,6.4,4,Iris-virginica
iris6_ext_863,false,8.8,4.3,8.8,8.3,Iris-virginica
iris6_ext_864,false,7,3.2,9.5,6.7,Iris-setosa
iris6_ext_865,false,0.2,1.9,2.1,0.7,Iris-versicolor
iris6_ext_866,false,9.8,4.2,0.1,7.4,Iris-setosa
iris6_ext_867,false,5.4,5.2,6,7.1,Iris-virginica
iris6_ext_868,false,6.8,0.6,9.5,3.2,Iris-setosa
iris6_ext_869,false,3,0,3.8,8.2,Iris-setosa
iris6_ext_870,false,4.8,2,7.5,2.3,Iris-setosa
iris6_ext_871,false,1.5,6.6,0.3,2.4,Iris-setosa
iris6_ext_872,false,8.6,1.5,2,8.5,Iris-versicolor
iris6_ext_873,false,3.4,8.6,5.2,7.3,Iris-versicolor
iris6_ext_874,false,3.5,4.5,4.7,4.9,Iris-versicolor
iris6_ext_875,false,9,1.8,3.2,3.8,Iris-setosa
iris6_ext_876,false,9.6,7.6,7.3,6.4,Iris-setosa
iris6_ext_877,false,7.4,3.4,0.7,1.9,Iris-setosa
iris6_ext_878,false,1.6,8.9,7.3,3.3,Iris-virginica
iris6_ext_879,false,1.3,1.2,3.8,6.7,Iris-versicolor
iris6_ext_880,false,0.7,2.9,0.3,7.3,Iris-versicolor
iris6_ext_881,false,1.8,0.1,8.6,5,Iris-versicolor
iris6_ext_882,false,5.9,4.3,3.7,3.3,Iris-virginica
iris6_ext_883,false,3.5,9.2,0.6,4.8,Iris-versicolor
iris6_ext_884,false,5.9,4.7,0.2,2.9,Iris-virginica
iris6_ext_885,false,9.4,9.4,6.5,4.2,Iris-setosa
iris6_ext_886,false,7.9,5.1,5.6,1.2,Iris-virginica
iris6_ext_887,false,7.8,8.5,9.1,9.2,Iris-virginica
iris6_ext_888,false,4.3,3.9,3.4,0.9,Iris-setosa
iris6_ext_889,false,3.5,9,7.9,5.6,Iris-setosa
iris6_ext_890,false,4.7,2.7,6.4,7.4,Iris-virginica
iris6_ext_891,false,8.2,1,2.9,8.5,Iris-setosa
iris6_ext_892,false,2.9,2,4.2,5.7,Iris-versicolor
iris6_ext_893,false,9.1,2,6.8,2.4,Iris-versicolor
iris6_ext_894,false,2.4,8.1,7.4,4.7,Iris-versicolor
iris6_ext_895,false,9.6,5.1,9.6,0.4,Iris-versicolor
iris6_ext_896,false,1.7,0.3,8.7,7.8,Iris-versicolor
iris6_ext_897,false,7.6,8,5.1,6.9,Iris-versicolor
iris6_ext_898,false,2.6,6.9,3.3,8.8,Iris-virginica
iris6_ext_899,false,8.8,8.7,3.2,4.7,Iris-setosa
iris6_ext_900,false,3.8,3,6.5,2.7,Iris-versicolor
iris6_ext_901,false,2.6,1.5,0.8,1.6,Iris-setosa
iris6_ext_902,false,2.7,1.6,7.3,3.5,Iris-versicolor
iris6_ext_903,false,8,7.3,5.7,6.1,Iris-virginica
iris6_ext_904,false,0.2,1.7,4,4.2,Iris-virginica
iris6_ext_905,false,2.2,0.1,5.5,5.8,Iris-versicolor
iris6_ext_906,false,0.7,7.7,7.3,8.1,Iris-versicolor
iris6_ext_907,false,0.1,0,1.7,9,Iris-versicolor
iris6_ext_908,false,0.5,1.2,9.3,1.3,Iris-virginica
iris6_ext_909,false,6.3,5.8,8.9,0.4,Iris-setosa
iris6_ext_910,false,0,0,3.9,9.1,Iris-virginica
iris6_ext_911,false,6,2.2,9.4,0.4,Iris-versicolor
iris6_ext_912,false,9,2.2,8.7,7.1,Iris-virginica
iris6_ext_913,false,9.4,8.4,2.5,9.6,Iris-setosa
iris6_ext_914,false,4.9,8.9,0.4,5.5,Iris-virginica
iris6_ext_915,false,0,7.5,3.9,5.2,Iris-virginica
iris6_ext_916,false,1.1,0.8,7.4,8.3,Iris-versicolor
iris6_ext_917,false,6.2,9.6,6.6,9.2,Iris-versicolor
iris6_ext_918,false,3.1,5.2,8.1,1.7,Iris-setosa
iris6_ext_919,false,4.3,6.4,9.5,5.5,Iris-versicolor
iris6_ext_920,false,1.6,4.3,5.8,3.8,Iris-versicolor
iris6_ext_921,false,9.1,7.6,2.3,2.3,Iris-virginica
iris6_ext_922,false,1.9,3.9,4.2,2.4,Iris-virginica
iris6_ext_923,false,5.7,3.7,0.6,9.5,Iris-versicolor
iris6_ext_924,false,3,3.2,2.1,5.3,Iris-virginica
iris6_ext_925,false,8,9.3,3.9,2.8,Iris-setosa
iris6_ext_926,false,6.7,4.5,1,1.2,Iris-setosa
iris6_ext_927,false,5.7,0.8,9.5,9.6,Iris-versicolor
iris6_ext_928,false,0.9,0.8,2.4,1.1,Iris-versicolor
iris6_ext_929,false,2.6,4.6,6.1,1.5,Iris-setosa
iris6_ext_930,false,6.7,2.5,1.5,4.6,Iris-virginica
iris6_ext_931,false,2.5,4.4,6.4,4.5,Iris-virginica
iris6_ext_932,false,8.9,3.9,3,4.9,Iris-virginica
iris6_ext_933,false,2.5,9.4,1.1,3.7,Iris-versicolor
iris6_ext_934,false,7.9,0.2,6.6,4.2,Iris-setosa
iris6_ext_935,false,1.9,3.1,3.3,3.6,Iris-virginica
iris6_ext_936,false,6.5,6.7,6.4,3.7,Iris-virginica
iris6_ext_937,false,5.3,2.5,9.4,5.5,Iris-versicolor
iris6_ext_938,false,5.7,5.7,8.5,8.6,Iris-versicolor
iris6_ext_939,false,3.8,1.4,2.8,9.8,Iris-virginica
iris6_ext_940,false,5.4,0.6,3.4,5.7,Iris-virginica
iris6_ext_941,false,1.8,4.8,1.3,7.1,Iris-setosa
iris6_ext_942,false,9.3,5.6,7.1,4.8,Iris-virginica
iris6_ext_943,false,4.5,8.1,0,6.8,Iris-setosa
iris6_ext_944,false,5.9,3.3,1.4,8.5,Iris-virginica
iris6_ext_945,false,9.5,3,3.8,3.5,Iris-virginica
iris6_ext_946,false,4.6,0.7,1.2,8.1,Iris-versicolor
iris6_ext_947,false,1.5,4.4,5.6,4,Iris-versicolor
iris6_ext_948,false,7.2,5.5,0.5,4,Iris-setosa
iris6_ext_949,false,4,8.9,0.6,4.8,Iris-versicolor
iris6_ext_950,false,6.3,0.8,5.3,0.5,Iris-versicolor
iris6_ext_951,false,9.3,2.5,7.1,1.2,Iris-setosa
iris6_ext_952,false,0.8,6.7,5.6,0.3,Iris-virginica
iris6_ext_953,false,2.3,9.5,6.5,9.7,Iris-virginica
iris6_ext_954,false,8.8,9.8,4.6,5.9,Iris-versicolor
iris6_ext_955,false,5.5,1.4,7.5,9.3,Iris-versicolor
iris6_ext_956,false,7.1,2,1.7,1.1,Iris-virginica
iris6_ext_957,false,8.6,0.4,4.5,6.2,Iris-setosa
iris6_ext_958,false,3.6,8.7,3.3,7.4,Iris-versicolor
iris6_ext_959,false,6,7.1,0.1,8.7,Iris-versicolor
iris6_ext_960,false,7.5,0.7,0.3,6.5,Iris-versicolor
iris6_ext_961,false,2.9,5.6,9.1,6.2,Iris-virginica
iris6_ext_962,false,8,3.7,6,5.5,Iris-setosa
iris6_ext_963,false,0.8,3.3,4.5,8.9,Iris-versicolor
iris6_ext_964,false,0.8,3.7,4.1,6.2,Iris-setosa
iris6_ext_965,false,9.2,5.9,8.7,2.1,Iris-virginica
iris6_ext_966,false,9.1,4.9,3.8,4.8,Iris-setosa
iris6_ext_967,false,7.9,8.1,2.5,2.9,Iris-setosa
iris6_ext_968,false,2.6,6.4,5.6,6.4,Iris-setosa
iris6_ext_969,false,6.6,4.9,4.5,5.4,Iris-versicolor
iris6_ext_970,false,3.9,4.7,0.3,1.2,Iris-setosa
iris6_ext_971,false,6.9,2.6,4.4,9.5,Iris-virginica
iris6_ext_972,false,9.7,0.6,7.5,3.6,Iris-setosa
iris6_ext_973,false,9.5,0.2,0.9,7.2,Iris-setosa
iris6_ext_974,false,7.9,2.5,7.1,9.1,Iris-virginica
iris6_ext_975,false,9.5,2.3,6,0.8,Iris-virginica
iris6_ext_976,false,0.4,2.9,2.6,8.6,Iris-versicolor
iris6_ext_977,false,1.5,4.1,0.5,7,Iris-setosa
iris6_ext_978,false,7.9,4.2,7.3,3,Iris-setosa
iris6_ext_979,false,0,6.9,7.8,1.6,Iris-versicolor
iris6_ext_980,false,1.4,7.2,6.1,9.6,Iris-setosa
iris6_ext_981,false,8.7,0.5,0.2,2.1,Iris-versicolor
iris6_ext_982,false,5.2,1.4,6.8,5.2,Iris-virginica
iris6_ext_983,false,5.8,2.1,7.4,6.4,Iris-virginica
iris6_ext_984,false,6.9,4.5,1.6,2.2,Iris-setosa
iris6_ext_985,false,4,1.5,3.5,5.7,Iris-virginica
iris6_ext_986,false,7.2,4.7,7.5,6.2,Iris-setosa
iris6_ext_987,false,4.1,9.5,5.9,7.4,Iris-virginica
iris6_ext_988,false,7.4,3.6,4.2,4.3,Iris-versicolor
iris6_ext_989,false,8.7,9.5,2.8,7.8,Iris-virginica
iris6_ext_990,false,0.1,5.4,6.7,4.8,Iris-versicolor
iris6_ext_991,false,8.7,6.3,4.5,9.1,Iris-setosa
iris6_ext_992,false,9.4,7.7,8.7,1.1,Iris-virginica
iris6_ext_993,false,3.1,6,5.5,8.1,Iris-setosa
iris6_ext_994,false,5.1,1,1.5,7.8,Iris-versicolor
iris6_ext_995,false,2.1,3.8,9.7,0.2,Iris-versicolor
iris6_ext_996,false,8.4,5.3,6.5,5.8,Iris-versicolor
iris6_ext_997,false,7,6.1,2,2.5,Iris-virginica
iris6_ext_998,false,6.7,2.7,4.3,6.9,Iris-virginica
iris6_ext_999,false,9.4,4.6,5.4,9.3,Iris-setosa
iris6_ext_1000,false,5.7,0,8.7,0.2,Iris-virginica
